author,content,publish_time,site_name,title,url
," 一名农场工人受伤后警告：我的职业危险重重！

艾琳·盖利（Erin Gailey）是什罗普郡一个农场的牧羊人。2019年12月和2020年12月，她在两起四轮摩托车事故中受伤，导致多处骨折。

在健康与安全执行局（HSE）公布的数据称农业为英国最危险职业之后，这位23岁的年轻人分享了她的经历。研究发现，尽管农民仅占英国劳动人口的1%，但20%的工作场所死亡事故发生在农场。

盖利女士在接受BBC什罗普郡广播电台采访时表示，18岁时，她从伍斯特郡伊夫舍姆的家搬到什罗普郡的另一家农场工作。第五天，她被要求骑四轮摩托车外出，尽管她告诉雇主自己没有驾驶经验。

“他们告诉我，‘这是油门，这是刹车，头盔在车间的某个地方’，然后我就上路了，”她说。当她沿着一处雨后湿滑的牛道行驶时，摩托车失去平衡，她撞到了栅栏柱上，双手骨折。

她说，尽管已经休假五个星期，但回归工作岗位后，她仍每天使用四轮摩托车。2020年圣诞节，她在驶出路口时再次发生车祸，右腿骨折，导致五个月无法工作。

盖利女士表示，由于其中一辆四轮摩托车刹车失灵，她在重返农场后不久便离开了那里。她承认农业是一个危险的行业，并敦促有意从事该行业的人在进入之前“了解自己的能力”。

她说：“你可能遇到世上最好的雇主，他们在每个方面都做得很好，但如果你把自己置于一个愚蠢的位置，事情仍然可能出错。”

根据HSE的数据，去年英国农场共有27人丧生。农场安全基金会慈善机构表示，这是一个全球性问题，需要“文化上的重大改变”。

发言人斯蒂芬妮·伯克利（Stephanie Berkeley）表示：“我们不能继续容忍不安全行为，不能认为推动安全文化变革是别人的责任，而在日常任务中不能依赖运气。”",,bbc,Farm worker's warning after quad bike crashes,
," <Direct Translation>
伦敦德里郡的一位年轻农民在一次农场事故中失去了一只眼睛，他告诉英国广播公司新闻北爱尔兰，这不会阻止他做他喜欢的事情。
21 岁的瑞安·塔格特（Ryan Taggart）在什罗普郡的一家农业承包商工作，当时他遭受了改变人生的伤病。
19 岁时，他在机械工作时被一小块金属击中眼睛。
新数据显示，2023年4月至2024年3月期间，北爱尔兰农场有8人被杀。
据英国健康与安全 Executive（HSE）称，英国农业相关活动中共有27人丧生。
“我当时正在更换深松机的底板，我把滚销取出来，底板不会脱落，所以我用锤子敲击它，”塔格特先生告诉BBC新闻北爱尔兰。
“鞋子上的一点金属碎片进入了我的眼睛。”
弹片划破了塔格特先生的眼睛，视网膜留下疤痕。
他说他只能用右眼辨别形状和光线，但“非常幸运”没有失去眼睛。
“你认为这永远不会发生在你身上，但最终这样的事情确实会发生在人们身上，”他说。
本周是农场安全周的第12周年，这是由农场组织的年度活动（黄色雨靴）遍布英国和爱尔兰。
HSE NI表示，2023/2024年报告的工作场所死亡人数中近50%与农场有关。
HSENI 首席执行官罗伯特·基德（Robert Kidd）表示，虽然每一起死亡事件都是“绝对的悲剧”，但在过去12年中“数字有了很大改善”。
他补充说：“多年来，我们看到越来越多的年轻人死于事故。”
“值得庆幸的是，在过去几年里，情况已经有了很大改善，但我们仍然意识到还有很多工作要做，去年的八人死亡确实令人非常失望。
“农业对经济和农村社区的贡献非常重要，我们不希望看到任何损失或任何家庭悲伤。”
经过几次手术后，塔格特先生继续全职从事农业工作，并于去年回到家乡，在基尔雷郊外叔叔的奶牛场工作。
虽然这次事故意味着他“以不同的方式看待生活”，但改变职业从来都不是真正的选择。
“我花了一段时间才克服它，但你不想停止做你喜欢的事情，”他说。
“你只需要处理它。
“我认为没有人可以阻止我这样做。
“为什么它要阻止我做我喜欢做的事呢？”他说。
“这件事发生在我19岁的时候；如果我再活60年，我会做得很好。
“当你的一生都值得期待时，回顾过去是没有意义的。”
塔格特表示，事故发生后他做了“很多调整”，现在已经意识到了风险。
这位21岁的年轻人相信农民可以向建筑业等其他行业的工作人员学习。
他说：“农业通常被视为家族企业，不被视为一项适当的业务，这会带来额外的风险。”
HSENI 表示，与其他行业相比，“农业是一个独特的情况”，年轻人经常生活在工作场所，人们在退休年龄后继续工作。
基德表示，他们特别担心农场里老年人被杀的数量，去年死亡人数中最年轻的为60 多岁，还有一些为70 多岁和80 岁以上。
“这表明可能存在一种自满情绪，或者农民认为他们仍然像30至40年前一样有能力，只是没有那么快速和敏捷。
“我们现在把重点放在那些老年农民身上。”
瑞安的故事展示了瞬间的决定如何产生持久的后果。
尽管他失明了，但他很幸运。
一年内有八人死亡，仍然多了八人，而改变生活的伤害所影响的不仅仅是受害者本身。
农场与其他企业不同——北爱尔兰26,131个农场中，近80% 属于小型企业，由家庭经营。
这通常意味着一名农民独自工作，没有工作人员，当然也没有健康和安全官员或风险评估员。
有时，没有人帮助完成农场的任务，这可能会增加处理动物、设备、泥浆或在高处工作时的风险。
农民的老龄化——目前平均年龄为50 多岁——也带来了其自身的挑战。
因此，像农场安全周这样的活动仍然在拯救生命方面发挥着作用。

<Problems in the First Translation>

1. 不符合中文表达习惯：
- 翻译较为直译，有时导致表达生硬。如“我在换深松机的底板，我把滚销取出来，底板不会脱落，所以我用锤子敲击它”，这句在中文表达中不够自然。

2. 语句不畅：
- 翻译有时保留原文的结构，导致表达不畅。如“当你的一生都值得期待时，回顾过去是没有意义的。”

3. 模糊难懂：
- 翻译总体准确，但部分表达可能仍不够清晰，难以理解。如“弹片划破了塔格特",,bbc,Young farmer 'lucky not to lose eye' after accident,
," 该国的一大农业盛事——新森林和汉普郡展览，在为期三天的活动中，首日便迎来了成千上万的游客。此次展览于周二开始，预计将吸引超过90,000名游客。

这场百年盛会将在布罗肯赫斯特附近的新公园展览场举行，活动内容包括马术表演、畜牧比赛、园艺展示以及数十个贸易摊位。

经过调整后的翻译，更符合我国表达习惯，同时保留了原文的意图和格式。",,bbc,In pictures: New Forest's country show under way,
," 组织者表示，在马恩岛南部的奥里斯代尔农场举办的一场农业产业展示活动吸引了约15,000名观众。
南区农业展览在巴拉萨拉举行，内容包括当地农产品展示、贸易摊位、拖拉机和老爷车游行、狗敏捷性和障碍赛等。Tom和Lee Cain的豪华小母牛荣获2024年最高冠军。
这是来自科尔比的父子第二年在南区赛事中获得牲畜类最高奖项。李·凯恩在接受马恩岛电台采访时表示，这头小母牛是他们曾拥有过的最佳母牛。
汤姆·凯恩也表示，这次胜利“出乎意料”，因为“如此年轻的小母牛取得如此出色的成绩”并不常见。
此外，艾伦和艾莉森·罗斯韦尔凭借他们的贝特克斯羔羊获得一等奖；克莱尔·鲍德温凭借她的夏尔马获得二等奖；里安和亚历克·马森的艾尔郡小母牛则荣获三等奖。
展览秘书佐伊·汉普顿表示，得益于“很多人”的参与，包括干事、法官和志愿者，此次活动才得以顺利进行，使其成为一次真正的社区活动。
“他们年复一年地出现，有些甚至没有询问就主动来帮忙，”她补充道。",,bbc,Southern Agricultural Show attracts thousands,
," <直接翻译>
一位农民透露了一种神秘紫色作物的身份，引发了社交媒体上的纷纷猜测。
特雷弗·埃德格利（Trevor Edgley）是剑桥郡查特里斯（Chatteris）的Nightlayer Leek公司经营者，他发现因春季田野持续潮湿，他无法播种小麦。
他表示，在Chatteris与Mepal之间的A142公路旁的土地上，他种植了一种特殊的种子混合物——名为NUM3，能促进昆虫和野生动物的生长。
“我想你会开始看到很多关于它的消息，我们最早曝光，因为我们在四月份就钻孔了，土壤中还存有一些水分，”他说。
种植NUM3是政府的一项“可持续农业激励措施”（SFI），可通过轮作改善土壤健康并减轻极端天气的影响。
“政府每年向农民支付每公顷593英镑的费用来种植农作物，”埃德格利先生说。
“我们必须用这笔钱来支付种子、劳动力和建立成本。
“春小麦和大麦并不总是那么赚钱，所以对我来说，播种NUM3是一个稳当的选择，对环境也更好。”
社交媒体上的评论员猜测这种作物是亚麻籽、琉璃苣或薰衣草。
“我本打算播种小麦，但雨下得太大了，田野一直被水淹没，直到三月中旬，”埃吉先生补充道。
“小麦种子已经保存起来，我们将在今年晚些时候对它们进行发芽测试，祈祷它们明年能成功。
“我在大约100英亩的土地上种植这种相对新颖的作物NUM3，它是七种种子的混合物，旨在鼓励昆虫、蜜蜂、传粉媒介和农田鸟类，这也是管理养分效率和改善土壤健康的一种方式。”
NUM3种子混合物由50%野豌豆、15%亚麻籽、15%荞麦、7.5%深红色三叶草、7.5%berseem三叶草和5%羽扇豆（提供鲜艳的紫色花朵）组成。
环境、食品和农村事务部（DEFR）制定了激励措施（SFI），以防止过多的土地被用于粮食生产。
“通过SFI，我们的目标是支持农业和农民，”一位发言人表示。
“我们希望保护和改善环境、粮食生产和粮食安全。我们显然不希望SFI的使用方式让任何一方付出代价。
“证据表明，少数农民（大约占2023年可持续农业激励措施申请者的1%）参与了将其农场80%或更多的土地纳入粮食生产的行动。”

<首次翻译的问题>
1. 与中文表达习惯不符：
- 翻译采用了较为正式的语气，不符合社交媒体对话的常用风格。应使用更口语化的语气，与原文保持一致。
- “让人们在社交媒体上猜测”未能准确传达“has left people guessing on social media”的意义，更适合的翻译是“让人们在社交媒体上猜测不已”。

2. 语句笨拙：
- 在“他说，他在Chatteris和Mepal之间的A142公路旁的土地上种植了一种特殊的种子混合物——称为NUM3，可以促进昆虫和野生动物的生长。”这句中，翻译稍显生硬。更好的表达方式是“他说，他在Chatteris和Mepal之间的A142公路旁的土地上种植了一种特殊的种子混合物，这种混合物被称为NUM3，可以促进昆虫和野生动物的生长。”

3. 模糊且难以理解：
- 翻译总体上清晰简洁，但部分可能令人困惑的术语或概念保留了下来，如“可持续农业激励措施（SFI）”、“土壤健康”和“养分效率”。为了使文本更容易理解，这些术语可以进一步解释或用更熟悉的替代词替换。

4. 其他问题：
- 翻译准确保持了原文的结构和内容。
- 无需添加或采用原文中未出现的其他内容或格式。
- 翻译在语气和风格上相对忠于原文。",,bbc,Mystery behind purple fields is revealed,
," 本周末，马恩岛将举办首届大型年度农业庆典。
南区的农业展览将在巴拉萨拉的奥里斯代尔农场举行，向数千名游客展示马恩岛的农业产业。
除了牲畜比赛外，2024年的展会还将举办复古拖拉机巡游、狗敏捷训练、射箭表演和免费尊巴舞课程。
活动负责人佐伊·汉普顿表示，此次活动为农业界同仁齐聚一堂，向公众展示岛上农业的重要性提供了良机。
展览场地在英国夏令时09:30至18:00向公众开放，冠军动物加冕游行定于周六16:00举行。
去年，这个活动在两天内吸引了约12,000名游客。
展会期间，公众可以参观当地的美食摊位，欣赏展示的艺术品和手工艺品，并见证库存评估。
活动负责人汉普顿女士表示，这个自1914年起举办的活动是农业界为数不多的聚会机会之一，如今也为农民提供了“走出去”和“与人交流”的好机会。
汉普顿女士表示，九月份是马恩岛政府年度“悲伤”的时刻，她希望能吸引对当地农产品感兴趣的人们前来参加农业展，了解更多信息。
回顾过去12个月岛上经历的潮湿天气，她表示，对农民，尤其是种植农作物的农民来说，这是“艰难的一年”。
她说，这些气候条件对为期两天的农业展的出席率产生了“很大影响”，并补充说：“希望阳光能照耀大地。”",,bbc,Annual show set to highlight farming industry,
," 已在农场获批建设淤浆泻湖。
英国坎伯兰郡议会规划部门已在坎布里亚郡达尔斯顿附近的希尔豪斯诺克（Hill House Nook）土地上挖了一个坑，用于储存用作肥料的动物粪便。
泻湖面积为120英尺（36米）×75英尺（23米），深12英尺（3.75米），将从场地东边的畜舍填满。
规划报告指出，这一项目不会对任何栖息地或附近具有科学价值的地点产生重大影响。

报告中提到，选址原因在于该项目位于“营养中性区域”，这是确保不会增加流域内现有营养负担的一种手段。
建议措施包括采用泥浆虫以减少制造肥料所需的搅拌量，以及采用浮动覆盖物。
委员会的报告还表示，自然英格兰组织已“确认”，如该地点得到妥善维护，“可能不会对任何栖息地产生重大影响”。
此次批准的目的是允许农场“未来扩张”，而对此“没有其他可能的选择”。",,bbc,Farm's slurry lagoon plans approved,
," 最新数据显示，去年什罗普郡农村犯罪成本降低了超过三分之一。NFU Mutual（NFUM）在其最新报告中显示，去年该郡的索赔成本下降了35%，从2022年的360万英镑降至2023年的240万英镑，而英格兰的整体成本却上升了4.3%。

NFUM的戴维·哈里森表示，真正令人担忧的是对农民的影响，他们与家人一起住在目标农场。尽管有新数据，但有人认为农村犯罪已“失控”。

“我认为我们不应该在自己家中成为受害者，我们必须把所有东西都锁好，”他告诉英国广播公司《今日米德兰》。

“这里可能有更多我们在夜间甚至白天都没有意识到的人。”

埃尔德利先生称农村犯罪“盛行”。他表示：“针对不同的地区，该地区的感染率可能下降，而其他地区的感染率可能会上升。”

农村犯罪包括盗窃车辆、牲畜、燃料、狗攻击农场动物、非法倾倒垃圾和非法倾倒废物。

NFUM认为，什罗普郡犯罪率下降是由于针对犯罪的应对措施越来越协调，但犯罪分子也变得更加狡猾。

在更广泛的中部地区，索赔成本下降了6.7%。

NFU Mutual的安迪·查克表示，虽然统计数据对什罗普郡来说是个好消息，但重要的是不要自满。

“230万英镑仍然很高，仍然有很多农民受到掠夺，”他说。

他补充说，由于犯罪变得更有组织性，NFUM收到了更大的索赔。

“针对农村犯罪威胁，我们采取了越来越协调一致的应对措施，我们希望这实际上能带来帮助降低犯罪数量的红利。”

报告显示，在全国范围内，农用车辆盗窃案数量有所下降，但GPS设备盗窃案却增加了137%。

西麦西亚警察局的格雷厄姆·唐纳森认为，多机构合作有助于打击农村犯罪。

“我们与Dyfed-Powys警察局和北威尔士警察局的同事进行了长期的行动，我们称之为‘甘德行动’，目标是专门盗窃农村设备的已知犯罪分子。”

“通过警察部队与NFU Mutual以及NFU本身的合作，当我们得到合作伙伴机构的帮助时，追踪犯罪就会容易得多。”",,bbc,Rural crime claim costs drop by a third in county,
," 斯蒂蒂安斯农业展览会（Stithians Show）被誉为康沃尔郡最大的单日农业活动，已于2024年正式启动。 
该展会自1834年以来，一直在其传统场地斯蒂蒂安斯展览场（Stithians Showground）举行。 
展会主席奈杰尔·瓦格（Nigel Vague）表示，预计将有15,000至18,000名游客前来参观。 
针对参与者，他表示：“我们有一个优秀的交通管理团队，所以不会遇到任何交通问题。” 
谈到游客可以期待的内容，瓦格先生说：“我们从牛、马、羊扩展到今年的猪，这对我们来说是一个重要的新环节。”
然而，家禽却缺席了今年的展会。
“我们及时做出了这个决定，因为我们可以看到将会出现问题，因此，不幸的是，我们不得不做出这个决定，”瓦格先生说。
他表示，组织者对没有家禽表示“抱歉”，但他认为这不会影响游客数量。
瓦格先生说：“还有很多其他景点和其他东西，比如狗展、山羊、绵羊——有许多东西供人们观看。”",,bbc,Stithians Show continues 190-year tradition,
," 马恩岛环境、食品和农业部长证实，正在对马恩岛有关处理倒畜的规定进行审查。然而，马恩岛议会成员克莱尔·巴伯（Clare Barber）表示，在做出任何改变之前，必须仔细考虑对人类和其他动物的风险。

此前，马恩岛全国农民联盟呼吁允许在私人土地上埋葬尸体，称近期因处置损失库存价格上涨。巴伯女士表示，任何改变都可能带来“重大风险”，可能损害该岛的动物产品贸易能力。

基础设施部的动物废物部门持有独家合同，负责从马恩岛农场收集和处理死去的动物。7月初，处理倒畜的费用上调，一头公牛的收集价格上涨了185%，达到152.70英镑。

政府此前表示，加工厂价格上涨“被认为是适当的措施”，因为过去五年平均每年净亏损略低于50万英镑。Jason Moorhouse MHK询问巴伯女士是否有“任何可能的解决方案”，因为农业社区感到“真正的沮丧”，一些成员继续扣留向工厂付款以示抗议。

巴伯女士表示，现行立法不允许将因屠宰以外原因死亡的牲畜埋在农场，“除非在特殊情况下”。她告诉成员，这一过程对人类和动物健康造成口蹄疫和牛结核病等疾病的风险。

该部长表示，已经开始进行审查，以确保该岛对倒下牲畜的监管框架“尽可能具有弹性”，并将考虑“其他司法管辖区可能存在的任何其他做法和制度”。",,bbc,"Fallen stock rules being reviewed, minister says",
," 在无汽车的萨克岛上，自行车和拖拉机是主要的交通工具，然而周日却禁止驾驶拖拉机。但现在，在一座狭长的海峡岛屿上，一群政治领导人正在试图改变这一现状，他们认为周日不应再被视为休息日。

这一举措引发了居民间的争论，其中包括一位被称为“萨克之王”的彼得·普卢默，他希望能保留这一传统。然而，其他人则认为时代已经改变，萨克需要适应新形势。

负责岛上道路管理的杜赞（Douzaine）成员已提交修改法律的提案，将于7月初交由首席上诉委员会（Chief Pleas）审议。目前，拖拉机是岛上唯一可以驾驶的机动车辆，但其使用仅限于每周六天。然而，有些人每周7天都可以驾驶拖拉机，他们拥有特殊许可。

萨克政府成员要求修改法律，使所有拖拉机都能随时驾驶。在杜赞主席顾问克里斯·贝特森提交的提案中，他写道：“人们已经逐渐从‘让周日特别’转变为‘只是另一个工作日’。”

Fleur du Jardin餐厅的主厨Bernadette Southern也赞同他的观点，并表示：“这与几年前完全不同，当时周日是轻松的一天。”她还表示，夏季现在很短，因此“必要的”农民和其他需要拖拉机的人应该能够每周7天使用它们。

然而，萨克乳业公司的贾森·索尔兹伯里认为，法律应该保持原样。他表示，岛上没有车辆通行，这是吸引游客的一个卖点，而每周有一天拖拉机的行驶量将“保持在最低限度”，这有助于保持萨克的独特性。尽管他从事农业工作，但他不愿意在周日工作。

作为妥协，索尔兹伯里先生建议在10:00至15:00之间限制拖拉机的使用，紧急服务除外。

绰号“萨克之王”的彼得·普卢默驾驶拖拉机牵引巴士服务，因其载客拖车的形状而在当地被称为“烤面包架”，在游客抵达和离开岛屿时往返于海港山（Harbour Hill）。他拥有每周7天驾驶车辆的特殊许可，并表示他认为不应改变规则以允许每个人都这样做。

“如果规则改变，我认为人们会认为这是理所当然的。”他说，“这是一个滑坡——你什么时候会拒绝？”尽管夏季逐渐减少，但允许更多的拖拉机移动以及随之而来的更多灰尘和噪音，将损害而不是促进旅游业经济。

该提案将于7月3日的仲夏酋长请愿会上进行审议。原本该报告列入复活节首席恳求会议的议程，但由于对杜赞的不信任投票而被撤回。杜赞讨论了该报告，并决定重新提交，让酋长就此事做出决定。

顾问克里斯·贝特森说：“杜赞意识到周日拖拉机的问题是一个有争议的问题，并希望萨克岛居民向委员会和全体顾问表达他们的感受。”",,bbc,Tractor rule change sparks row on car-free island,
," 英国皇家鸟类保护协会（RSPB）农场种植了超过1000棵苹果树、椰子树和阔叶树，以研究农林业是否能成为对农民有用的工具。

这些树于2022年在位于帕普沃斯埃弗拉德和剑桥之间的RSPB农场上种植，占地11公顷（27英亩）。

该项目长期监测生物多样性、温室气体通量和商业可行性。阿诺德女士表示，人们对农林在英国农业系统中的'权衡和利益'方面的作用和不足了解甚少。

混农林是指在种植农作物的同时，利用树木和可耕作的农作物。阿诺德女士说：“长期的希望是，通过在农场开展农林业，我们可以实现农业业务的多元化，这样，当农业变得越来越困难时，它实际上可以成为农民增强弹性的有用工具。”

她们种植了三种不同类型的树木——13种苹果（全部榨汁品种）、三种椰子（其中一种商业榛子，有望压榨椰子油）以及八种本土阔叶树。这些本地树木将有助于保护农作物物种免受“穿过剑桥郡平原景观的大风”的影响。

这些树被种植在RSPB于2000年购买的希望农场内的8个6米（26英尺）长、相距24米（78英尺）的小巷中。

该慈善机构接管了这个占地181公顷（447英亩）的农场，以提供以研究为主导的证据，在生产粮食和赚取利润的同时，可以在英格兰最集约化种植的面包篮之一中鼓励野生动物友好型农业。

如今，红雀、黄锤雀和云雀等鸟类已重返农场，田凫、灰鹧鸪和玉米鹀等其他鸟类也纷纷归来。

皇家鸟类保护协会在希望农场进行试验，因为在国家植树计划期间，“一些农林业做法可能对生物多样性产生的影响尚未得到充分证明”。

阿诺德女士表示，将对农林的“生物多样性、温室气体通量、商业变化和多样性”进行“严格监测”。

她说：“我们的目标是深入了解其实际效果，然后在政策领域为其辩护或反对它。”",,bbc,'Agroforest' trial begins at RSPB's arable farm,
," 一个新建的食品公司商业园区已获得批准。
Stirlin Developments的计划在南荷兰区议会的支持下实施，该计划包括12个单元，位于霍尔比奇。
斯特林公司老板詹姆斯·柯比（James Kirby）表示，他对这一消息“感到非常高兴”，并希望该计划能鼓励企业建立紧密的合作关系，共享创意并提高生产力。
这个耗资1600万英镑的企业区被认为是英国美食谷的核心，第一期预计于2022年开业。
这些新单元总面积超过22,000平方英尺（2,044平方米），为农业食品和食品制造行业的初创企业及知名品牌提供两层混合办公和仓库空间。
林肯郡议会经济基础设施负责人米克·金表示，地方当局的投资成功促使了这个商业园区的创建。
他表示，委员会很高兴与私营部门合作，以确保企业区取得成功。

根据当地政府的支持，这个新建的食品公司商业园区位于霍尔比奇，包括12个单元，总投资达1600万英镑。这个园区被认为是英国美食谷的核心，旨在鼓励企业建立紧密的合作关系，共享创意并提高生产力。新单元总面积超过22,000平方英尺（2,044平方米），为农业食品和食品制造行业的初创企业及知名品牌提供两层混合办公和仓库空间。林肯郡议会经济基础设施负责人米克·金表示，地方当局的投资成功促使了这个商业园区的创建，并表示委员会很高兴与私营部门合作，以确保企业区取得成功。",,bbc,New business park at 'heart of UK food valley',
," 周一晚上，农民压力组织“受够了”在威尔士各地的农场点燃篝火，以强调大选前农业的重要性。
这些活动分别在登比郡的鲁辛、马汉莱斯附近的彭纳尔、布雷肯、波伊斯、阿伯里斯特威斯和锡尔迪金的赖德威斯举行。
主篝火在锡尔迪金兰迪苏尔附近的Pentre-cwrt的Shadog农场举行。
该活动得到了农业工会和依赖农业的农村企业的支持。

卡马森郡兰乌尔达凯格文农场供应公司的经营者艾文·埃文斯（Aelwyn Evans）表示：“农民们的情绪非常低落。
“他们每天都会来到我的店里，抱怨政府试图对农业采取的措施。是农民让我们这样的企业得以运转。
“目前每个农村企业都在担心。”

尽管农业是一个权力下放的问题，但加里·豪厄尔斯表示，农业在竞选期间并未得到足够的重视。
“作为一个群体，我们对选前竞选期间谈论粮食安全和农业的方式不太满意，”豪厄尔斯先生说。
“我们对此一无所知。我们谈论了很多关于超市食品价格的事情。
“我们目睹了乌克兰战争，在很短的时间内",,bbc,Farmers light bonfires to send election message,
," 一位英国蓝莓种植者呼吁公众和其它农民选择本土种植的产品，而非进口品种。Hall Hunter公司在萨里运营两个农场，预计今年将种植约3000吨蓝莓，几乎占据英国总产量的50%。然而，随着需求的上升，预计2024年蓝莓的进口量将超过64,000吨。公司董事总经理Jim Floor表示，他希望鼓励更多农民种植英国蓝莓，杜绝大规模进口。

“我们面临的一大挑战是，英国消费者尚未充分意识到本国蓝莓的价值，”他说。“我们需要让人们认识到食物里程和航空里程带来的问题，并支持英国农业。”

英国蓝莓的生长季节从六月持续到九月。去年，英国蓝莓为英国经济贡献了6.07亿英镑的价值。Jim Floor表示，今年的这一数字预计将有显著增长。

他还表示，尽管公司还种植草莓、覆盆子和黑莓，但蓝莓是“完美的水果”，其产量在过去五年中增加了四倍。他说：“我总是说，如果能发明一种药丸，拥有蓝莓的所有功效，那我们就是真正的赢家了。”

“蓝莓富含抗氧化剂，有助于调节胆固醇和血压，对心理健康、认知控制和心脏健康都有益。”

Hall Hunter公司在法纳姆建立了一个占地55公顷的蓝莓农场。该公司向包括Waitrose和Sainsbury’s在内的大型超市供货。

如需了解更多信息，请致电我们08081 002250，或通过WhatsApp与我们联系。",,bbc,Buy locally grown blueberries over imports - farmer,
," 代表该行业的工会表示，马恩岛的农民不应因不幸损失牲畜而受到惩罚。从7月份开始，基础设施部门提高了处理牛尸体的成本，公牛的收集价格涨了185%，达到152.70英镑。

政府在一份声明中表示，动物粪便加工厂的价格“有一段时间”没有上涨，上涨被“认为是适当的措施”。然而，马恩岛全国农民联盟秘书长莎拉·科米什认为，要求农民承担工厂运营成本是不公平且不现实的。

该公司表示，尽管该工厂是行业不可或缺的一部分，但过去五年平均每年亏损略低于50万英镑。科米什女士表示，涨价对农民来说将是灾难性的，他们目前已暂停付款以示抗议。

基础设施部门的动物废物部门持有了一份独家合同，负责收集和处理马恩岛农场的动物尸体。根据修订后的定价结构，收集一头公牛的费用增加了99.15英镑，而找回一头牛的费用上涨了60.13英镑。

声明中表示，人们承认拟议的涨价“引起了担忧”，政府“致力于继续与工会就这个问题进行接触”。她说，工会提出了增加通货膨胀或改变法规以允许农民在农场掩埋尸体的替代方案。

科米什女士表示，额外的费用会给该行业带来“巨大的压力”，并可能导致人们选择离开该行业。她补充说，工会希望在环境、食品和农业部的支持下进行更多讨论，以便与基础设施部找到解决方案。",,bbc,Fallen stock charges branded 'unrealistic',
," 预计将有数千人参加这场被誉为英国最大的一日农业展之一的活动。每年，什罗普郡的奥斯韦尔农业展都能吸引约15,000名观众，本周六将迎来第137届。届时，现场将有超过120个展位、数百家参展商以及丰富多彩的展示和活动供人们欣赏。

活动的主席大卫·肯普斯特（David Kempster）在接受英国广播公司什罗普郡广播电台采访时表示，他期待着欢迎游客，并希望在去年的倾盆大雨之后能有好天气。他表示，无论是农业还是非农业，现场都有很多东西供每个人参观。

肯普斯特先生表示，他是该活动的第三代负责人，继承了父亲和祖父的事业。该活动首次举办于1862年。他说，作为家族中第三位掌权的成员，他感到很自豪。他还表示，活动为当地社区提供的服务以及如何促进该地区的农业发展也让人们感到非常自豪。

肯普斯特先生说，这对他来说将是忙碌的一天，但他补充说，他期待着四处看看，看看每个人都做了什么。",,bbc,Agricultural show prepares for 137th event,
,"  Somerset郡的一名农民表示，埃文和萨默塞特警方决定在今年夏天临时重新部署农村犯罪小组的成员，让他感到有些沮丧。
该小组的四名警官已被调去帮助支持家庭暴力的受害者。 
如今，农村犯罪小组只剩下两名工作人员——一名督察和一名警察社区支持官员（PCSO）。
警方表示，每年这个时候对警察服务的需求增加是做出这一决定的原因。

56岁的杰里米·帕德菲尔德（Jeremy Padfield）在福斯河畔斯特拉顿（Stratton-on-the-Fosse）从事农业。他还是全国农民联盟（NFU）弗鲁姆、巴斯和东北萨默塞特分会的主席。 
他说：“这让人有些沮丧，因为我们作为NFU和萨默塞特农村犯罪小组的一群农民，工作非常努力。我们已经建立了一些良好的关系，向他们提供了很多情报。
“如果（重新部署官员）到八月底，那么我们就可以接受。 
“在接下来的四五周内，可能会滞后于犯罪发生后的后续程序。”

邻里和合作伙伴关系主管伊丽莎白·休斯警长表示：“我们全心全意致力于维护农村社区的安全，并应对一切形式的农村犯罪，尤其是正在发生的事件。
“夏季的需求增加了约20%，去年，我们发现需要立即或优先响应的事件增加了约30%。
“我们从经验中吸取了教训，并将采取一种方法，更好地在各个部门之间分配工作量，以减轻任何一个团队的压力。
“这不是我轻易做出的决定，但我们必须部署我们的资源来满足需求以及威胁、伤害和风险最高的地方。”

警方强调，对999电话的响应不会受到影响，社区警务小组的警官将在此期间协助农村犯罪小组进行持续调查。
鉴于重新部署，帕德菲尔德先生告诉他的农民同胞“永远保持警惕”。
“我每天可能要花15到20分钟来检查所有大门是否已锁好并挂锁，以及所有机械是否已安全地锁在谷仓内，”他说。",,bbc,Rural crime policing change worries farmers,
," 环保及对环境的关注仍然是活动家和政治家们热议的话题。在此背景下，三位关注可持续农业、水质和可再生能源的人士向BBC表述了他们对新工党政府的期待。

在萨福克郡拉克斯菲尔德附近， Jon Watt拥有近250英亩（约100公顷）的农场。他养殖18头牛，种植小麦和大麦，还为附近的其他农场提供合同服务，这约占其营业额的50%。Watt先生从可持续农业激励计划（SFI）中获得收入，该计划是环境土地管理计划（ELMS）的一部分。前任政府在英国脱欧后推出这一计划，旨在取代与产量和农场规模挂钩的欧盟补贴。

然而，ELMS和SFI鼓励农民采取有利于野生动物的措施，如为传粉昆虫提供野花边缘、不使用杀虫剂和种植树篱。SFI每年为Watt先生带来约13,000英镑的收入。他表示，继续在新政府领导下实施该计划至关重要，因为他的作物轮作围绕这一计划进行，且该计划是他收入的重要组成部分。他期望新政府能坚持这一政策并为其提供资金。

“从离开欧盟到我们今天的成就花了大约八年的时间，”Watt先生说。“我们刚刚了解了这个计划——我们理解这一点——现在彻底改变它将是一件非常毁灭性的事情。这就是农业预算本身如此重要的地方，因为它为这个系统提供了资金。”

若要实现政府设定的环境目标，阿诺德女士认为需要大约50亿英镑的农业预算。她说：“如果我们想要实现他们设定的环境目标，他们需要大约50亿英镑的农业预算来实现这一目标。”

一位政府发言人表示，工党计划“通过引入一项针对农民的新协议来促进农村经济增长和英国的粮食安全”，包括消除环境土地管理计划中的繁文缛节，保护农民免受贸易交易中低福利和低标准的影响。

埃塞克斯野生游泳组织曼宁特里美人鱼成员凯瑟琳·阿诺德长期致力于呼吁清理海洋和河流。今年早些时候，英格兰27个地点实现了这一目标，包括埃塞克斯郡的曼宁特里海滩、剑桥羊绿地的卡姆河和萨福克郡萨德伯里的斯图尔河。这意味着Anglian Water现在可以在当地污水厂安装消毒设备，防止大肠杆菌等有害细菌排入水中。

然而，阿诺德女士认为还有更多工作要做。她呼吁工党“增加对水务公司（污染者）的罚款，并扣留水务公司高管的奖金”。她还表示，应引入刑事诉讼程序，“因为他们对自来水公司征收的罚款对他们来说只是九牛一毛”。

位于诺福克郡大雅茅斯的Alicat Workboats制造船只，运送工程师前往海上风电场。公司总经理西蒙·库特表示，新政府需为该行业提供长期稳定性，并改进学徒计划，以解决造船业的技能短缺问题。

库特先生表示，可再生能源行业在过去10年左右的时间里改变了其业务，船舶维护约占其营业额的60%。谈及对新政府的期望，他说：“我们需要的是可再生能源行业的长期愿景，以便我们的客户能够继续投资新的基础设施。”

工党目标是“到2030年将陆上风电增加两倍，太阳能增加三倍，海上风电增加四倍——立即采取行动，永久降低能源费用，加速实现净零排放”。关于学徒制，发言人表示：“我们致力于确保16岁以后的资格包括一系列选择，为年轻人提供最好的生活机会。”",,bbc,Environment hopes for Labour to address,
," 皇家威尔士农业展本周举行，庆祝这一年度盛事120周年。
威尔士最优牲畜将在波伊斯比尔斯韦尔斯附近的Llanelwedd展出，为期四天，吸引了来自40个国家的250,000名观众。
此次牲畜展示涵盖马、牛、绵羊、猪和山羊，展示动物近7000只。
现场还展示了乡村体育和传统威尔士手工艺品，以及引人瞩目的发型。",,bbc,Royal Welsh Show showcases nation's best livestock,
," 根据北爱尔兰农业、环境和农村事务部（Daera）的最新数据，到2023年，该地区的农业收入几乎减半。

农业总收入（TIFF）从2022年的6.09亿英镑降至2023年的3.41亿英镑，减少了44%。TIFF指的是自有劳动力、管理投入和自有资本投资的回报。

2023年，农民购买的化肥和石灰减少，但饲料支出增加，饲料支出占总产值的一半以上。

在所有农场类型中，农场平均价格从2022-23年的51,043英镑增至2023-24年的27,345英镑，增幅达46%。

预计减少量主要集中在谷物（-80%）和奶牛养殖（-70%）。但生猪价格上涨意味着2023-24年养猪场收入预计将增长84%。

牛肉价格上涨还意味着来自不利地区（生产力不高的土地分类）的牛和羊的收入预计将分别增加8%和3%的低地农场的牛和羊。

北爱尔兰农业和环境部长表示，市场条件波动并不是一个新问题，但对农民来说仍然是一个“非常困难”的问题。

安德鲁·缪尔补充说，波动主要是由于Daera无法控制的世界市场价格影响。

“因此，我的部门致力于通过提高农民的生产力和复原力来帮助农民减轻成本和价格压力，同时解决他们的环境可持续性水平，”他说。

“这些是我们新的农场支持和发展计划的目标。”

缪尔先生还表示，安特里姆农业、食品和农村企业学院继续“向农民提供相关培训和支持”。

2023年农业总产值降至28.7亿英镑，其中近三分之一来自乳制品业（8.92亿英镑）。

尽管生猪和鸡蛋行业产量下降，但集约型行业——家禽、鸡蛋和生猪生产——其产值均有所增长。",,bbc,Farm incomes in NI dropped by 44% in 2023,
," 一位创新型农业企业家表示，一种新型的粮食种植方法可以实现“全球人口的温饱，同时不损害地球”。垂直农业是在层层堆叠的空间中种植如芝麻菜、西洋菜、罗勒和细香葱等作物，这些作物受到人工控制的温度、光照、水分和湿度。

Fischer Farms称，采用这种方法，其位于诺维奇的工厂每天可供应1000吨绿叶蔬菜、香草和沙拉。Agri-TechE总监贝琳达·克拉克表示，垂直农业有望“重塑行业格局”，但“打造正确的商业模式确实具有挑战性”。

费舍尔农场的创始人特里斯坦·费舍尔深信，这一系统能够“为全球提供稳定的粮食供应”。他说：“这个系统模仿风和阳光，我们能为此为植物提供夜间循环，风使植物更强壮，阳光助力它们的生长。”

然而，克拉克博士指出，复杂的系统成本高昂，前期资本投入巨大，且需要种植高价值作物。“为了证明投资合理性”，投资者需种植药品作物、化妆品原料作物或英国目前进口的反季节作物。

克拉克博士表示，谷物类作物“我们非常擅长在自由阳光下种植”，但很难证明其合理性。该公司已尝试种植小麦，并计划转向种植水果，然后是大豆、小麦和豌豆。

这些作物在生物安全的氛围中生长，无需使用杀虫剂、除草剂或农药。据该公司称，Fischer Farms占地4英亩（1.61公顷）的食品企业园区生产的食品数量与传统1000英亩（404公顷）农场的食品产量相同。

该公司还表示，该农场由私募股权公司Gresham House投资，是世界上最大的农场之一，占地面积25,000平方米（269,098平方英尺）。这一系统确实能耗巨大。

克拉克博士表示，垂直农业只有在靠近太阳能发电厂或厌氧消化池等合适能源的情况下，才能实现商业化。Fischer Farms已在农场屋顶上安装了太阳能电池板，并计划利用相邻的130英亩（52公顷）太阳能农场产生的能源满足未来电力需求。",,bbc,Is vertical farming the future of food production? ,
," 在新仓库计划获得批准后，一家农业公司将在什鲁斯伯里扩大其基地。
什罗普郡议会批准了 Wynnstay 集团在阿斯特利公园新建建筑和仓储区的提案。
该公司表示，此次扩张将使其耕地部门能够根据国家需求进行增长。
已实施工作时间限制，营业时间将限于英国夏令时间周一至周五的07:30至18:00，以及周六的08:00至13:00。
该公司在一份支持声明中表示：“拟议的新建筑和改建将进一步增强 Wynnstay 位于阿斯特利公园的 Arable 部门的成功业务，并为当地人创造更多就业机会。”
它补充说，扩建将带来经济、环境和社会效益，同时创造新的就业机会。",,bbc,Green light for agricultural firm's expansion plan,
," 一名重要工会表示，威尔士农民愿意与“任何人”合作，以解决他们行业面临的挑战。
威尔士农民联盟的加雷斯·帕里（Gareth Parry）表示，近期存在“很多政治不确定性”，但威尔士和英国政府对农业行业的“关键要求”并未改变。
近几个月来，威尔士农民发起了大规模抗议活动，反对威尔士政府对该行业进行的改革。

帕里先生在兰内尔韦德举行的波伊斯皇家威尔士展（欧洲最大的年度农业活动之一）上发表讲话时表示，威尔士农民希望确保农业系统能够保证“可持续粮食生产”，并为“所有农民、所有农场类型、所有威尔士的农场规模”。
他说，为了实现这一目标，政策必须考虑其经济、社会和环境影响。

关于可持续农业计划（SFS），他表示有人担心它“过于关注环境提案”。
他说：“农场企业必须在经济上可持续，才能投资于环境措施，并为当地社区做出贡献。”

帕里还表示，近期英国和威尔士政治都存在“政治不确定性”，但农民的关键诉求没有改变。
在威尔士，农业是一个下放的问题，但有关资金的决定是由英国议会做出的。

他表示：“我们愿意与任何人、任何政党合作，为威尔士农业和农村社区取得最佳政策成果。”

NFU Cymru主席阿莱德·琼斯（Aled Jones）表示，抗议活动对政府产生了影响。
“我认为他们这次听了……现在有一种不同的感觉和感觉，还有紧迫感，”他说。

上周，在三名部长和他的首席法律顾问同时辞职后，盖辛被迫辞去首席部长职务。
他在竞选捐款问题上面临了数月的争议，并在大选期间失去了信任票。

威尔士农民表示，今年是“起起落落”的一年，他们面临着天气问题和政治动荡。

SFS最初的要求是在农场10%的土地上有树木覆盖，并将10%作为野生动物栖息地进行管理，“这并不能使我们的业务可行”。

政府表示，这与10%的目标存在交叉，农民仍然可以使用野生动物栖息地管理的土地——例如，长有各种不同种类草的田地算作栖息地，但仍然可以用来放牧牲畜。

戴维斯先生希望威尔士新政府能够在这个问题上取得进展。

“当然，必须有一个妥协，”他说。

他补充说，农民并不反对“在正确的地方”种植更多树木，但不能接受“一揽子方法”。

“这对我的企业和我家族的企业的未来不起作用，”他说。",,bbc,"We'll work with anyone for rural life, say farmers",
," 周二，印度总理纳伦德拉·莫迪领导的联合政府在大选后公布首份联邦预算。人们普遍预期，实力减弱的莫迪将首次依赖执政联盟伙伴，调整支出政策，同时保持财政审慎。

分析师表示，新政府可能需要更加关注农村人口，因为他们从国家快速增长的GDP中获益不如富人。莫迪执政十年来，已向国家资助的基础设施、跨海大桥和高速公路建设投入了数十亿美元。他还为大企业减税，并推出补贴计划来激励以出口为重点的制造业。

尽管印度摇摇欲坠的宏观经济已经稳定下来，股市迅速回升，但不平等和农村贫困问题依然严重。整体消费增长处于二十年来的最低水平，宝马汽车在今年上半年创下了有史以来的最高销量。工资停滞不前，家庭储蓄下降，大多数印度人仍然无法获得高薪工作。

印度地区失衡问题严重。罗伊表示，该国大部分人口居住在印度北部和东部，那里的人均收入低于尼泊尔，健康、死亡率和预期寿命低于布基纳法索。长期失业是莫迪 3.0 面临的最大挑战。一项选举后的调查显示，七成的印度人支持对超级富豪征税，八成的经济学家认为增长不具有包容性。

穿越印度北部的农业中心地区，农村人口的命运与城市居民形成了鲜明的对比。总理经济顾问委员会前成员拉辛·罗伊表示，这是莫迪先生的第三个任期，这一事实将使他全神贯注于留下持久的遗产，并可能“诱使”他为大众的经济繁荣做一些事情。

“这是他的遗产表明他过去明显失败的一个领域。”在过去十年里，莫迪已向国家资助的基础设施、跨海大桥和高速公路建设投入了数十亿美元。他还为大企业减税，并推出补贴计划来激励以出口为重点的制造业。

但印度的宏观经济不稳定，股市波动。不平等和农村贫困问题依然存在。尽管整体消费增长处于二十年来的最低水平，但宝马汽车在今年上半年创下了有史以来的最高销量。

工资停滞不前，家庭储蓄下降，大多数印度人仍然无法获得高薪工作。地区失衡问题也相当严重。罗伊表示，该国大部分人口居住在印度北部和东部，那里的人均收入低于尼泊尔，健康、死亡率和预期寿命低于布基纳法索。

如今，九成的经济学家认为，长期失业是莫迪 3.0 面临的最大挑战。选举后的调查显示，七成的印度人支持对超级富豪征税，八成的经济学家认为增长不具有包容性。

即使那些为印度一些最富有的人管理资金的人也同意这一观点。ASK Private Wealth 首席执行官兼董事总经理拉杰什·萨卢贾表示，鉴于强劲的收入和税收，减贫很可能会列入政府的预算议程，并且可以“在不扰乱财政数学的情况下”完成。

但经济学家警告说，更多的现金发放并不能很好地替代真正以改革为主导的发展。大约 8 亿印度人已经靠免费粮食生活，一些邦将近 10% 的收入用于福利计划。

预算必须制定政府计划如何将数百万人投入劳动力并创造收入潜力的愿景。印度评级公司首席经济学家苏尼尔·库马尔·辛哈表示，在此期间需要采取明智的政策组合，实现正规部门和非正规部门的共存。

罗伊表示，印度还应鼓励纺织和农产品加工等行业的低端劳动密集型制造业，以满足其巨大的国内需求。印度最大银行建议将莫迪向出口导向型行业提供的与生产相关的激励措施扩展到小型企业。

“到目前为止，当我们想到制造业时，我们想到的是时髦人士。我们正在考虑超级计算机。我们正在考虑让苹果公司来这里生产一些 iPhone，”罗伊先生说。

“这些不是 70% 的印度人口消费的东西。我们应该在印度生产70%的印度人口想要消费的东西。如果我能够在这个国家生产 200 卢比（2.4 美元，1.8 英镑）的衬衫，并且不让进口需求泄漏到孟加拉国和越南，这将促进制造业的发展。”",,bbc,Modi's new budget faces jobs crisis test in India,
," 农民们反对德文郡议会提议将餐饮改为植物性并鼓励转向植物性农业。
在北德文郡议会周三的会议上，这一计划被批评为“愚蠢”和给农民“甩耳光”。
提出该动议的绿党议员瑞奇·奈特表示，他希望借此“解决气候变化问题”。
该提案遭到大幅否决，除奈特先生及其绿党同事支持该动议外，所有成员均投下反对票。
动议要求议会在内部会议和活动中提供完全以植物为基础的食品和饮料，并在整个地区优先考虑和推广植物性选择。
它还呼吁委员会与当地农民合作，支持生产植物性产品。
德文郡的养羊户马克·威克斯称这一提议“荒谬”。
他表示：“在德文郡北部，认为我们能建立一个完全以植物为基础的委员会的想法绝对是愚蠢的。
“我们伟大的农民努力生产可持续、价格合理且健康的食品。最重要的是，肉类是蛋白质含量高、密度大的食物来源之一。”
北德文郡农民兼德文郡 NFU 副主席戴维·查格（David Chugg）表示：“我认为事情发展到这个阶段非常令人失望。
“每个人都应该自己决定自己想吃什么或不吃什么。”
罗宾·米尔顿（Robin Milton）是宁普顿主教区的独立议员，但由于他是畜牧农民，因此无法对该提案进行投票。
他表示：“北德文郡是一个非常农村的地区，主要以畜牧业为基础，在这里几乎不可能实现完全以植物为基础的生产。
“环境影响将是巨大的，就业影响将是巨大的，对景观、我们的旅游业以及北德文郡所有美好事物的影响都将受到挑战。”
会议期间，南莫尔顿的自由民主党议员大卫·沃登表示，该提案“是对农民的一记耳光”。
北莫尔顿的保守党成员利兹·布勒德（Liz Bulled）表示，畜牧业是“北德文郡的基石”，并表示人们需要“选择自由来吃我们想吃的东西”。
米凯拉·安德鲁斯（Michaela Andrews）是植物性委员会活动小组的成员，她试图鼓励更多委员会转向纯素餐饮。
她希望议会“以身作则”并“表明这是应对气候危机的明确解决方案”。
安德鲁斯女士表示，英格兰的八个议会已经转向以植物为基础的餐饮，并表示这“向世界发出了一个强有力的信息，那就是我们作为一个社会需要走的路”。
奈特先生表示，他希望该提案能够帮助北德文郡议会“继续与该地区的农民进行对话”。",,bbc,Farmers rebel against plant-based council plan,
," 农民与城市博物馆携手合作，举办了一场倡导在英格兰乡村开展自然友好举措的展览。
伊利博物馆坐落在剑桥郡的沼泽地，几个世纪前，这片沼泽地被排干，形成了极为肥沃的农业土壤。
此次展览将展示由16位农民组成的团队制定的一些保护措施。
馆长罗西·阿莫斯表示，观察他们如何平衡粮食生产与为传粉昆虫和濒临灭绝的农田物种创造栖息地，令人赞叹不已。
皇家鸟类保护协会（RSPB）等环保组织也为展览作出了贡献。
博物馆的高级项目官员阿莫斯女士表示：“这个展览主要关注我们后院发生的环保举措，真正支持这些举措，因为在东安格利亚，我们正在采取许多措施保护环境。”
大约六年前，在皇家鸟类保护协会的支持下，伊利自然友好农业区成立，旨在展示现代农业与野生动物如何在他们耕种的8700公顷（22000英亩）土地上共同协作。
这里是全国重要的玉米鹀、黑尾塍鹬，以及灰鹧鸪、斑鸠和田凫等其他受威胁农田鸟类的家园。
阿莫斯女士表示，了解农民如何努力保护传粉媒介、为野生动物提供栖息地，以及他们互相学习，真是令人惊喜。
展览将运用博物馆收藏的历史农场设备，与过去在沼泽地采用的农业技术进行“一番比较”。
阿莫斯女士说：“自然友好型农业实际上使用了一些与历史上使用过的相同价值观和技术。”
她补充说，与此同时，它正在采用现代方法，如拖拉机机器人，而威肯芬正在使用无人机绘制泥炭水平图。
",,bbc,Farmers help create exhibition about countryside,
," 一家英国葡萄园表示，在未来的一两个月里，确实需要一些好天气才能生产出香气浓郁的静止葡萄酒。位于格洛斯特郡纽恩特的三合唱团葡萄园（Three Choirs Vineyard）是英格兰最古老的葡萄园之一，该葡萄园于1973年播下第一批种子，但近年来受到气候变化的影响越来越明显。

酒庄的酿酒总监马丁·福克（Martin Fowke）表示，他们所能生产的葡萄酒类型完全取决于即将到来的天气条件。他说：“我们当然希望能有一些阳光和稍暖的天气，但我们非常庆幸没有遇到霜冻。”

当一个地区的气候发生变化时，可能会破坏葡萄中糖、酸和次级化合物之间的微妙平衡，从而改变它们形成的速度，并可能导致甜味和酸味之间的差异。福克先生表示：“我们始终努力在正确的年份酿造正确的葡萄酒。”

他还提到：“去年对酿造起泡酒来说是非常好的一年，因为九月的天气对我们来说并不理想，葡萄没有成熟到适合起泡酒的程度。”尽管如此，他并未对未来天气进行预测，但认为今年八月和九月的气温可能会变得温暖舒适，这将有助于生产出一些非常美味的芳香静止葡萄酒。

福克先生表示，“关键时刻”将在下个月左右到来，届时葡萄藤将开始开花。他说：“那是我们真正需要好天气的时候。”

英国的葡萄园通常在六月底开花，此时授粉效果更好，能结出更多硕果累累的葡萄串。福克先生补充说：“虽然（今年）季节已经有些晚，但目前看来一切都很好。”

尽管天气条件不佳，但福克先生表示，酒庄已经实现了“大幅增长”，并希望在“进入半个世纪”的时候生产出4000万瓶葡萄酒。他说：“整个行业需要自我宣传。”

“我们需要让更多人知道英国葡萄酒的存在，这一点至关重要。”福克先生强调。",,bbc,Delayed summer means 'later season' for vineyards,
," 数十名畜牧农民乘坐拖拉机前往议会会议，抗议“植物性食品独裁”。
周四晚上，英国迪恩森林区议会在其科尔福德办公室举行会议，讨论鼓励纯素食品的举措。
素食议员雅各布·桑德斯表示，动物性食品的全球温室气体排放量是植物性食品的两倍。
利德尼农民理查德·摩根表达了他的担忧，他说，如果转向以植物为基础的农业，自然“就会崩溃”。
约35名农民强烈反对该动议，该动议鼓励植物性饮食，符合理事会2018年通过的气候紧急目标。
该提案呼吁议会领导人确保在议会举办的活动和会议上提供明确宣传的植物性选项。

动议中写道：“为此，理事会将寻求信息、教育和说服。”
“并成立了一个任务组，邀请专家在森林中推广用可持续植物性食品替代动物产品。”
来自利德尼的农民理查德·摩根在会议前表示，转向植物性农业将使他的生计面临风险。
“每个人都应该有自己的选择，”他说。
“你不应该被规定什么可以吃，什么不可以吃。
“这一切都与均衡健康的饮食以及环境的平衡有关。
“我们都知道，如果去掉动物性的一面，自然就会崩溃。”
几位保守党和独立议员呼吁撤回原来的动议。
蒂登纳姆的保守党议员尼克·埃文斯建议该委员会鼓励当地农民和组织生产的食物保持均衡和多样化的饮食。
他还建议与农业社区合作，研究为了可持续发展而实现业务多元化的机会。
他的修正案被桑德斯先生和他的附议者帕特里克凯恩接受，后者明确表示他支持该动议，但不是素食主义者。
米切尔迪恩、鲁阿迪恩和德莱布鲁克的绿党议员特雷弗·罗奇表示，他将在完善后支持该动议，但强调与农业社区合作才是最重要的。
“你们确实让我们所有人都关注这件事情，”他在会议上告诉农民。 “说到食物，我们依赖的是你们，所以我们需要共同努力。
“我完全理解农民在当前全球贸易政策趋势下不得不承受的经济挑战，这些政策尽可能地打击农民。我们必须为当地人寻找当地的农产品。”
理事会以26票赞成、4票反对、2票弃权的结果通过了该动议。",,bbc,Vegan 'dictatorship' move sparks council tractor protest,
," 皇家诺福克秀已进入第二天的活动，预计将有数千人参加。展览会周三在诺里奇边缘的 Costessey Showground 正式开幕，整个活动预计将吸引超过 85,000 余人参加。

这场展览会已经举办了超过 165 年，活动现场展示了 3,000 只动物、700 个贸易摊位，还有英国皇家空军猎鹰队进行的降落伞展示。除此之外，活动现场还设有障碍赛、赛猪、狗敏捷表演和音乐表演。

展会周边的道路预计将在 09:00 至 11:00 迎来高峰期，为确保行车安全，所有主要道路都已设置交通标志，建议驾车者遵循指定路线前往展览场地。

周三预计将迎来严重拥堵，骑行前往展览会的朋友请注意迪勒姆路（Dereham Road）附近的乔治六世国王门（King George VI Gate）设有停车场，此处亦是出租车下车点。此外，城市巴士站还将提供更多班车，每小时均有从斯旺顿莫利（Swanton Morley）途经迪勒姆（Dereham）的发车班次。",,bbc,Day two of Royal Norfolk Show kicks off,
," 一份新研究报告指出，实验室生产的合成肉“未必会给农场带来灾难性影响”。皇家农业大学（RAU）的研究人员对80多位农民进行了一项重要研究。

美国佛罗里达州和意大利已禁止研发实验室肉类产品，主张这一行业可能对传统农业构成威胁。然而，英国农民告诉RAU的研究人员，他们并不认为“替代肉类”产品是主要威胁。

RAU研究小组负责人汤姆·麦克米伦教授表示：“人们的确很担心这一领域的发展以及它对农业可能带来的意外后果。但人们对那些常被视为敌对的事物充满好奇。农民们实际上在积极参与这种技术的可能性，为他们提供原料，甚至可能在他们的农场托管生产单位。”

长期以来，科学家们一直在尝试在不饲养活体动物的情况下制造流行的肉类替代品。主要原因是气候变化。所有畜牧业都会产生大量二氧化碳和甲烷，从而加剧气候变化。

麦克米伦教授表示：“全球肉类生产的环境成本意味着我们需要减少规模，扩大安全、美味且负担得起的传统肉类替代品的范围。”

多年来，食品工业利用大豆、豌豆等其他植物组织蛋白制造出了类似的汉堡、香肠和其他产品。如今，科学家们在实验室中研制完全合成的蛋白质。一种实验室养殖的鸡肉产品已在新加坡出售，并对牛肉和羊肉的同类产品进行测试。

然而，美国部分州已禁止这种做法，意大利政府则全面禁止合成肉的研发。意大利农业部长弗朗西斯科·洛洛布里吉达表示：“意大利成为世界上首个免受合成食品社会和经济风险影响的国家。”

表面上看来，确实如此。如果科学家和食品工业可以在工厂中提供我们所需的所有肉类蛋白质，那谁还需要传统农民呢？这不仅仅涉及畜牧业者。

参与研究的农民之一，多姆·莫里斯住在科茨沃尔德家族的混合农场。他解释说：“我们农场种植的许多谷物都进入食物链来喂养动物。”他还表示：“我们正考虑将部分耕地用于新的动物养殖，因此这对我们这样的混合家庭农场将产生深远影响。”

但麦克米伦教授发现，即使农业确实面临威胁，那也还是遥远的事情。他解释说：“在我的一生以及几十年后，人们仍将食用肉类，动物将继续在这样的农场生活。”他形容这只是一个“缓慢燃烧的风险”。

目前有两种肉类替代品，它们都需要农民可以种植的原材料。现在市面上常见的“植物蛋白”汉堡、香肠、培根和鸡肉产品均源于大豆、豌豆或其他植物蛋白。许多英国农民已经开始为这个行业提供原材料。

实验室培养的肉类需要油菜粕等成分，这是油菜压榨后的副产品。像多姆·莫里斯这样的农民正在研究将其出售给培养肉行业，从而将废弃物变为收入来源。

令人惊讶的是，报告显示农民们正考虑邀请肉类造假者到他们的农场开展业务。目前，这个行业规模尚小。实验室测试成功，但欧洲尚未大规模生产。

多姆·莫里斯认为，合成肉类实验室没有理由不能在他的科茨沃尔德谷仓内建立。他说：“我们正考虑在这里、在我们的农场、在我们古老的维多利亚农场建筑中生产它。当前科茨沃尔德的溢价很高，每个人都想知道他们的食物来自哪里。为什么不呢？”",,bbc,"Lab-raised meat 'not the enemy', say farmers",
," 约200年前首次在兰开夏郡举办的农业展即将再次亮相。加斯唐展的目标是将当地社区团结在一起，共庆农业、食品和乡村文化的作用。活动现场将展示马术和牛术表演，以及回顾数十年的农业历史，展示拖拉机和老式农业机械。

参展商艾玛·本森表示：“这是一个非常重要的活动。我们乐于支持当地的展会，喜欢走出去与所有当地人交流。”首届加斯唐展于1813年举行，以抽奖和奖品为特色，奖励最出色的农作物和家畜。

由于古斯纳格、莱瑟姆和Gt埃克莱斯顿等当地其他展览的竞争，加斯唐展的入场人数和观众人数减少，活动于1840年左右暂停，直至1855年左右才重新启动。

国务卿吉尔·比林顿表示，今年为期一天的盛大的亮点之一是“一场展示各个时代拖拉机的表演”。她说：“我们从20世纪50年代开始，展示拖拉机、耕作和农业的变革，展示不同的机器以及事物的发展。最终，我们将向下一代农民展示他们将如何肩负起职责，推动粮食生产向前发展。”

活动组织者海伦·史密斯表示，园艺展区将有约1000个参赛作品，从花卉艺术到种植水果和蔬菜的人们。“将所有这些整合在一起需要做很多工作，”她补充道。“但这绝对是一场视觉盛宴。”",,bbc,Historic country show to celebrate farming and food,
," 生态学家已经开始将一座前畜牧场改造为自然保护区。
德比郡野生动物信托基金希望位于奈特赫奇的 Common Farm 附属土地能成为昆虫、鸟类和哺乳动物的“栖息地马赛克”。
报告显示，重新野化农田可以促进当地的粮食安全，通过鼓励传粉者、改善土壤健康和吸收洪水等方式来实现。
支持者们通过以下方式帮助信托公司购买了农场，筹集了近30万英镑。
新的占地约83英亩的保护区将有助于连接现有的德比郡野生动物栖息地，包括北部的 Crich Chase 和西南部的 Wyver Lane。
在开始管理新站点之前，信托需要了解已有的内容。
BBC新闻目睹生态学家乔丹·霍姆斯博士对鸟类、土壤和传粉媒介进行基线调查。
她的实地调查工作需要用到双筒望远镜、铁锹和大网等工具。
她用网扫过曾经被牛放牧的草原，结果令人失望——发现了一些叶甲虫、一只小飞蛾和许多苍蝇。
“这里的物种并不是特别丰富，”霍姆斯博士说。
“我会对它们进行计数，并在物种层面上对它们进行识别，然后我们就会知道现场有多少物种以及它们代表什么样的不同群体。”
霍姆斯博士说，当他们将来进行类似的调查时，他们应该能够判断他们的野化管理是否产生了影响。
德比郡野生动物信托基金的专家表示，他们很清楚围绕农田重新野生化正在进行的争论。
他们当地的景观恢复经理艾莉·菲尔德（Ellie Field）表示，当信托基金宣布购买时，大多数人都表示支持。
但也有一些人提出了这样的担忧：农田应该保持生产力，而不是保留给自然。
“我们英国正面临粮食安全危机，”她说。
“但自然恢复并不妨碍粮食生产。我们希望通过采用基于自然的解决方案来解决问题。”
政府2021年表示，生物多样性、土壤退化和气候变化是英国粮食生产面临的最大威胁。
克莱尔·哈特韦尔（Clare Hartwell）住在附近的奈特赫奇，并支持了筹款活动。
她说，她每周去几次，在牛停止吃草后就已经注意到了变化。
“我在这里看到了云雀，我看到了红色的风筝，”她说。
“拥有这样的区域非常重要。这对于人们的福祉和自然都很重要”。",,bbc,Work starts to rewild former cattle farm,
," 雷丁大学耗资约1600万英镑购置了一块农田，用于开展农业和食品研究。这片635英亩的土地位于法利坦纳斯农场，包括牧场、耕地和林地，将成为大学在阿伯菲尔德、辛菲尔德和桑宁等地农田和设施的补充。

副校长表示，这一举措将有助于确保雷丁大学在未来一个世纪的农业发展。此次购地为支持大学的新农业食品未来战略，旨在通过该战略改变食品和农业的未来。

据了解，这片新农田将确保有足够的空间开展世界一流的研究。校长罗伯特·范德诺特教授补充说：“一个多世纪以来，食品和农业研究一直是大学工作的核心。”

“这项新战略将确保雷丁大学在未来一个世纪的农业发展。我们的使命是开发新方法和合作伙伴关系，改变英国健康、可持续食品的生产方式。”

他还表示：“这将为我们的学生提供实践经验，让他们接受培训，成为我们未来的粮食种植者和乡村的管理者。”

大学的农业食品未来战略重点关注三个研究领域：向有弹性和公平的粮食系统转型；环境友好型农业系统；以及开发健康和可持续的食品。

据悉，坦纳斯农场已经制定了鼓励野生动物和保护乡村的计划。大学表示，最初将把土地出租给现有用户。

农业、政策与发展学院院长西蒙·莫蒂默教授表示：“大学购买坦纳斯农场将使我们有机会研究和展示英国和世界面临的一些最紧迫问题的解决方案。”

“在气候变化不断加剧的背景下，我们要研究如何利用有限资源继续养活不断增长的人口，同时减少农业对环境的影响。”",,bbc,University buys £16m farmland for food research,
, 数千人在东约克郡聚集，共同观赏德里菲尔德农业庆典。这场年度盛会即将迎来第148届。活动现场设有众多亮点，如曾出演电视剧《浴血黑帮》、《爱默戴尔》和《万物皆小》等剧集的训练有素的马匹展示。活动当天还举办传统家畜比赛，评选出最佳猪、羊和牛。此外，还有狗和矮马表演、青少年马术比赛、手工艺课程和园艺课程等精彩内容。德里菲尔德展览场开放至英国夏令时下午6点，现场设有展示最新农业技术的食品摊位和商业摊位。,,bbc,In pictures: Show celebrates farming community,
," 什罗普郡的一位农民表示，今年降雨量大，导致一些人农作物歉收，农业行业必须适应不断变化的天气模式。
尽管最近几天阳光明媚，但过去几个月总体来说格外潮湿。
布里奇诺斯附近阿普利庄园的农场经理阿德里安·乔恩特称，持续的阴雨天气可能让一些农民面临严重的经济困境。
“过去的12个月天气极具挑战，”他说。
“我们已经习惯了应对这个问题，但我觉得今年的情况特别糟糕。”
他接着说：“我们的田地被淹没，不得不重新播种——这显然需要更多的工作和更高的成本。”
乔恩特先生估计，每英亩土地上每生产半吨小麦，农民可能会损失约100英镑。
“幸运的是，我们的规模足够大，可以承受一些打击，但如果我们的规模较小，那就非常令人担忧了。”
他还表示，温暖的冬季导致更多害虫存活下来，否则它们可能无法度过寒冷的月份。
最重要的是，阳光减少意味着农作物难以正常生长。
“我不想成为一个末日预言者，因为我认为一切都有积极的一面，但这可能是一些农场收益和亏损之间的差别，”他说。
“鉴于目前的天气状况，今年的产量将会受到一连串影响。”
他表示，英国西部的农民比东部的农民更适应潮湿的天气条件，但即使如此，他们也必须学会如何更好地应对。
这可能包括为动物建造更多的庇护所或改善田间排水系统等，所有这些都会带来成本影响。
“你种植它是为了产出优质的作物，但有时天气并不帮忙，”乔恩特先生说。",,bbc,"Industry must adapt to climate change, says farmer",
